{
    "$schema": "https://schema.management.azure.com/schemas/2019-04-01/deploymentTemplate.json#",
    "contentVersion": "1.0.0.0",
    "parameters": {
        "cloudServices_testcseswenyi_name": {
            "defaultValue": "testcseswenyi",
            "type": "String"
        },
        "publicIPAddresses_testcseswenyiIP_externalid": {
            "defaultValue": "/subscriptions/4f27bec7-26bd-40f7-af24-5962a53d921e/resourceGroups/deletetoday1/providers/Microsoft.Network/publicIPAddresses/testcseswenyiIP",
            "type": "String"
        },
        "cloudServices_sharedcses_externalid": {
            "defaultValue": "/subscriptions/4f27bec7-26bd-40f7-af24-5962a53d921e/resourceGroups/SHAREDCSES/providers/Microsoft.Compute/cloudServices/sharedcses",
            "type": "String"
        }
    },
    "variables": {},
    "resources": [
        {
            "type": "Microsoft.Compute/cloudServices",
            "apiVersion": "2021-03-01",
            "name": "[parameters('cloudServices_testcseswenyi_name')]",
            "location": "eastasia",
            "tags": {
                "DeploymentLabel": "TestCSES_2021-12-22T124640",
                "DeployFromVisualStudio": "true",
                "Creator": "wenyi.sun01"
            },
            "properties": {
                "configuration": "[concat('<?xml version=\"1.0\" encoding=\"utf-8\"?>\r\n<!--\r\n  **********************************************************************************************\r\n\r\n  This file was generated by a tool from the project file: ServiceConfiguration.Cloud.cscfg\r\n\r\n  Changes to this file may cause incorrect behavior and will be lost if the file is regenerated.\r\n\r\n  **********************************************************************************************\r\n-->\r\n<ServiceConfiguration serviceName=\"TestCSES\" xmlns=\"http://schemas.microsoft.com/ServiceHosting/2008/10/ServiceConfiguration\" osFamily=\"6\" osVersion=\"*\" schemaVersion=\"2015-04.2.6\">\r\n  <Role name=\"WebRole1\">\r\n    <Instances count=\"1\" />\r\n    <ConfigurationSettings>\r\n      <Setting name=\"APPINSIGHTS_INSTRUMENTATIONKEY\" value=\"7abbcc7c-de1b-43cc-811a-65a56e311c43\" />\r\n    </ConfigurationSettings>\r\n  </Role>\r\n  <Role name=\"WorkerRole1\">\r\n    <Instances count=\"1\" />\r\n    <ConfigurationSettings>\r\n      <Setting name=\"APPINSIGHTS_INSTRUMENTATIONKEY\" value=\"7abbcc7c-de1b-43cc-811a-65a56e311c43\" />\r\n    </ConfigurationSettings>\r\n  </Role>\r\n  <NetworkConfiguration>\r\n    <VirtualNetworkSite name=\"', parameters('cloudServices_testcseswenyi_name'), 'VNet\" />\r\n    <AddressAssignments>\r\n      <InstanceAddress roleName=\"WebRole1\">\r\n        <Subnets>\r\n          <Subnet name=\"WebTier\" />\r\n        </Subnets>\r\n      </InstanceAddress>\r\n      <InstanceAddress roleName=\"WorkerRole1\">\r\n        <Subnets>\r\n          <Subnet name=\"WebTier\" />\r\n        </Subnets>\r\n      </InstanceAddress>\r\n    </AddressAssignments>\r\n  </NetworkConfiguration>\r\n</ServiceConfiguration>')]",
                "upgradeMode": "Auto",
                "roleProfile": {
                    "roles": [
                        {
                            "name": "WebRole1",
                            "sku": {
                                "name": "Standard_D1_v2",
                                "tier": "Standard",
                                "capacity": 1
                            }
                        },
                        {
                            "name": "WorkerRole1",
                            "sku": {
                                "name": "Standard_D1_v2",
                                "tier": "Standard",
                                "capacity": 1
                            }
                        }
                    ]
                },
                "osProfile": {
                    "secrets": []
                },
                "networkProfile": {
                    "loadBalancerConfigurations": [
                        {
                            "name": "[concat(parameters('cloudServices_testcseswenyi_name'), 'LB')]",
                            "properties": {
                                "frontendIpConfigurations": [
                                    {
                                        "name": "[concat(parameters('cloudServices_testcseswenyi_name'), 'LBFE')]",
                                        "properties": {
                                            "publicIPAddress": {
                                                "id": "[parameters('publicIPAddresses_testcseswenyiIP_externalid')]"
                                            }
                                        }
                                    }
                                ]
                            }
                        }
                    ],
                    "swappableCloudService": {
                        "id": "[parameters('cloudServices_sharedcses_externalid')]"
                    }
                },
                "extensionProfile": {
                    "extensions": [
                        {
                            "name": "Microsoft.Insights.VMDiagnosticsSettings_WebRole1",
                            "properties": {
                                "autoUpgradeMinorVersion": true,
                                "rolesAppliedTo": [
                                    "WebRole1"
                                ],
                                "publisher": "Microsoft.Azure.Diagnostics",
                                "type": "PaaSDiagnostics",
                                "typeHandlerVersion": "1.5",
                                "settings": "[concat('<PublicConfig xmlns=\"http://schemas.microsoft.com/ServiceHosting/2010/10/DiagnosticsConfiguration\">\r\n  <WadCfg>\r\n    <DiagnosticMonitorConfiguration overallQuotaInMB=\"4096\" sinks=\"applicationInsights.errors\">\r\n      <DiagnosticInfrastructureLogs scheduledTransferLogLevelFilter=\"Error\" />\r\n      <Directories scheduledTransferPeriod=\"PT1M\">\r\n        <IISLogs containerName=\"wad-iis-logfiles\" />\r\n        <FailedRequestLogs containerName=\"wad-failedrequestlogs\" />\r\n      </Directories>\r\n      <PerformanceCounters scheduledTransferPeriod=\"PT1M\">\r\n        <PerformanceCounterConfiguration counterSpecifier=\"\\Memory\\Available MBytes\" sampleRate=\"PT3M\" />\r\n        <PerformanceCounterConfiguration counterSpecifier=\"\\Web Service(_Total)\\ISAPI Extension Requests/sec\" sampleRate=\"PT3M\" />\r\n        <PerformanceCounterConfiguration counterSpecifier=\"\\Web Service(_Total)\\Bytes Total/Sec\" sampleRate=\"PT3M\" />\r\n        <PerformanceCounterConfiguration counterSpecifier=\"\\ASP.NET Applications(__Total__)\\Requests/Sec\" sampleRate=\"PT3M\" />\r\n        <PerformanceCounterConfiguration counterSpecifier=\"\\ASP.NET Applications(__Total__)\\Errors Total/Sec\" sampleRate=\"PT3M\" />\r\n        <PerformanceCounterConfiguration counterSpecifier=\"\\ASP.NET\\Requests Queued\" sampleRate=\"PT3M\" />\r\n        <PerformanceCounterConfiguration counterSpecifier=\"\\ASP.NET\\Requests Rejected\" sampleRate=\"PT3M\" />\r\n        <PerformanceCounterConfiguration counterSpecifier=\"\\Processor(_Total)\\% Processor Time\" sampleRate=\"PT3M\" />\r\n      </PerformanceCounters>\r\n      <WindowsEventLog scheduledTransferPeriod=\"PT1M\">\r\n        <DataSource name=\"Application!*[System[(Level=1 or Level=2 or Level=3)]]\" />\r\n        <DataSource name=\"Windows Azure!*[System[(Level=1 or Level=2 or Level=3 or Level=4)]]\" />\r\n      </WindowsEventLog>\r\n      <CrashDumps>\r\n        <CrashDumpConfiguration processName=\"WaIISHost.exe\" />\r\n        <CrashDumpConfiguration processName=\"WaWorkerHost.exe\" />\r\n        <CrashDumpConfiguration processName=\"w3wp.exe\" />\r\n      </CrashDumps>\r\n      <Logs scheduledTransferPeriod=\"PT1M\" scheduledTransferLogLevelFilter=\"Error\" />\r\n      <Metrics resourceId=\"/subscriptions/4f27bec7-26bd-40f7-af24-5962a53d921e/resourceGroups/deletetoday1/providers/Microsoft.Compute/cloudServices/', parameters('cloudServices_testcseswenyi_name'), '\" />\r\n    </DiagnosticMonitorConfiguration>\r\n    <SinksConfig>\r\n      <Sink name=\"applicationInsights\">\r\n        <ApplicationInsights>7abbcc7c-de1b-43cc-811a-65a56e311c43</ApplicationInsights>\r\n        <Channels>\r\n          <Channel logLevel=\"Error\" name=\"errors\" />\r\n        </Channels>\r\n      </Sink>\r\n    </SinksConfig>\r\n  </WadCfg>\r\n  <StorageAccount>testcsesstg</StorageAccount>\r\n  <StorageType>TableAndBlob</StorageType>\r\n</PublicConfig>')]"
                            }
                        },
                        {
                            "name": "Microsoft.Insights.VMDiagnosticsSettings_WorkerRole1",
                            "properties": {
                                "autoUpgradeMinorVersion": true,
                                "rolesAppliedTo": [
                                    "WorkerRole1"
                                ],
                                "publisher": "Microsoft.Azure.Diagnostics",
                                "type": "PaaSDiagnostics",
                                "typeHandlerVersion": "1.5",
                                "settings": "[concat('<PublicConfig xmlns=\"http://schemas.microsoft.com/ServiceHosting/2010/10/DiagnosticsConfiguration\">\r\n  <WadCfg>\r\n    <DiagnosticMonitorConfiguration overallQuotaInMB=\"4096\" sinks=\"applicationInsights.errors\">\r\n      <DiagnosticInfrastructureLogs scheduledTransferLogLevelFilter=\"Error\" />\r\n      <Directories scheduledTransferPeriod=\"PT1M\">\r\n        <IISLogs containerName=\"wad-iis-logfiles\" />\r\n        <FailedRequestLogs containerName=\"wad-failedrequestlogs\" />\r\n      </Directories>\r\n      <PerformanceCounters scheduledTransferPeriod=\"PT1M\">\r\n        <PerformanceCounterConfiguration counterSpecifier=\"\\Memory\\Available MBytes\" sampleRate=\"PT3M\" />\r\n        <PerformanceCounterConfiguration counterSpecifier=\"\\Web Service(_Total)\\ISAPI Extension Requests/sec\" sampleRate=\"PT3M\" />\r\n        <PerformanceCounterConfiguration counterSpecifier=\"\\Web Service(_Total)\\Bytes Total/Sec\" sampleRate=\"PT3M\" />\r\n        <PerformanceCounterConfiguration counterSpecifier=\"\\ASP.NET Applications(__Total__)\\Requests/Sec\" sampleRate=\"PT3M\" />\r\n        <PerformanceCounterConfiguration counterSpecifier=\"\\ASP.NET Applications(__Total__)\\Errors Total/Sec\" sampleRate=\"PT3M\" />\r\n        <PerformanceCounterConfiguration counterSpecifier=\"\\ASP.NET\\Requests Queued\" sampleRate=\"PT3M\" />\r\n        <PerformanceCounterConfiguration counterSpecifier=\"\\ASP.NET\\Requests Rejected\" sampleRate=\"PT3M\" />\r\n        <PerformanceCounterConfiguration counterSpecifier=\"\\Processor(_Total)\\% Processor Time\" sampleRate=\"PT3M\" />\r\n      </PerformanceCounters>\r\n      <WindowsEventLog scheduledTransferPeriod=\"PT1M\">\r\n        <DataSource name=\"Application!*[System[(Level=1 or Level=2 or Level=3)]]\" />\r\n        <DataSource name=\"Windows Azure!*[System[(Level=1 or Level=2 or Level=3 or Level=4)]]\" />\r\n      </WindowsEventLog>\r\n      <CrashDumps>\r\n        <CrashDumpConfiguration processName=\"WaIISHost.exe\" />\r\n        <CrashDumpConfiguration processName=\"WaWorkerHost.exe\" />\r\n        <CrashDumpConfiguration processName=\"w3wp.exe\" />\r\n      </CrashDumps>\r\n      <Logs scheduledTransferPeriod=\"PT1M\" scheduledTransferLogLevelFilter=\"Error\" />\r\n      <Metrics resourceId=\"/subscriptions/4f27bec7-26bd-40f7-af24-5962a53d921e/resourceGroups/deletetoday1/providers/Microsoft.Compute/cloudServices/', parameters('cloudServices_testcseswenyi_name'), '\" />\r\n    </DiagnosticMonitorConfiguration>\r\n    <SinksConfig>\r\n      <Sink name=\"applicationInsights\">\r\n        <ApplicationInsights>7abbcc7c-de1b-43cc-811a-65a56e311c43</ApplicationInsights>\r\n        <Channels>\r\n          <Channel logLevel=\"Error\" name=\"errors\" />\r\n        </Channels>\r\n      </Sink>\r\n    </SinksConfig>\r\n  </WadCfg>\r\n  <StorageAccount>testcsesstg</StorageAccount>\r\n  <StorageType>TableAndBlob</StorageType>\r\n</PublicConfig>')]"
                            }
                        }
                    ]
                }
            }
        },
        {
            "type": "Microsoft.Compute/cloudServices/updateDomains",
            "apiVersion": "2021-03-01",
            "name": "[concat(parameters('cloudServices_testcseswenyi_name'), '/0')]",
            "dependsOn": [
                "[resourceId('Microsoft.Compute/cloudServices', parameters('cloudServices_testcseswenyi_name'))]"
            ]
        }
    ]
}